<?xml version="1.0" encoding="UTF-8"?>

<class> 

<student> 

<name> Geethika</name> 

<id> 190031792 </id> 

 <avg>98</avg> 

   <dob>14-09-2002</dob>   

   <time>10:08</time>        

   <mobile no="9087654321"/>  		    

   <distinction>YES</distinction> 

</student> 

<student> 

	<name> Lakshmi </name> 

	<id> 190050111 </id> 

 	<avg>78</avg> 

   <dob>07-06-2001</dob>   

   <time>10:08</time>        

   <mobile no="8247614225"/>  		    

   <distinction>NO</distinction> 

</student>

<student> 

<name> Snehith </name> 

<id> 190030000 </id> 

 <avg>85</avg> 

   <dob>10-07-2001</dob>   

   <time>10:08</time>        

   <mobile no="9347803904"/>  		    

   <distinction>YES</distinction> 

</student>

<student> 

<name> MounaSri </name> 

<id> 190031992 </id> 

 <avg>72</avg> 

   <dob>05-09-2001</dob>   

   <time>10:08</time>        

   <mobile no="9938796990"/>  		    

   <distinction>YES</distinction> 

</student>

<student> 

<name> Pardhu </name> 

<id> 190030727 </id> 

 <avg>92</avg> 

   <dob>27-10-2001</dob>   

   <time>10:08</time>        

   <mobile no="9938796990"/>  		    

   <distinction>YES</distinction> 

</student>

</class>