<?xml version="1.0" encoding="UTF-8"?>
<class> 

<student> 

<name> Geethika </name> 

<id> 190031792 </id> 

<branch> CSE </branch> 

<cgpa> 8.9 </cgpa> 

</student> 

<student>

<name> Lakshmi </name> 

<id> 190031111 </id> 

<branch> CSE </branch> 

<cgpa> 10 </cgpa> 

</student>

<student>

<name> Snehith </name> 

<id> 190031616 </id> 

<branch> CSE </branch> 

<cgpa> 9.8 </cgpa> 

</student>

<student>

<name> MounaSri </name> 

<id> 190031992 </id> 

<branch> CSE </branch> 

<cgpa> 10 </cgpa> 

</student>

<student>

<name> Pardhu </name> 

<id> 190030727 </id> 

<branch> CSE </branch> 

<cgpa> 9 </cgpa> 

</student>

</class>